{"Alabama A&M University-College Of Education": "4900 Meridian St N, Huntsville, AL 35811", "Albertus Magnus College": "700 Prospect St, New Haven, CT 06511", "Albuquerque Public Schools": "Po Box 25704 Albuquerque, NM 87125", "Alcorn State University": "1000 Asu Dr, Lorman, MS 39096", "Alderson Broaddus University": "101 College Hill Rd, Philippi, WV 26416", "Alverno College": "3400 S 43rd St, Milwaukee, WI 53234", "American College Of Education": "101 W Ohio St Suite 1200, Indianapolis, IN 46204", "American University": "4400 Massachusetts Ave NW, Washington, DC 20016", "Anderson University": "316 Boulevard, Anderson, SC 29621", "Appalachian State University": "287 Rivers St, Boone, NC 28608", "Aquinas College": "4210 Harding Pike, Nashville, TN 37205", "Arcadia University": "450 S. Easton Road,, Glenside, PA  19038", "Arkansas Northeastern College": "2501 S Division St, Blytheville, AR 72315", "Arlington Public Schools": "2110 Washington Blvd, Arlington, VA 22204", "Armstrong State University": "11935 Abercorn St, Savannah, GA 31419", "Auburn University": "5042 Haley Center, Auburn, AL 36849", "Augusta University": "1120 15th St, Augusta, GA 30912", "Austin Peay State University": "601 College St, Clarksville, TN 37044", "Bainbridge Island School District": "8489 Madison Ave NE Bainbridge Island, WA", "Ball State University": "2000 W University Ave, Muncie, IN 47306", "Bard College": "30 Campus Rd, Annandale-On-Hudson, NY 12504", "Barton College": "400 Atlantic Christian e West NE, Wilson, NC 27893", "Belhaven University": "1500 Peachtree Street, Jackson, MS  39202", "Bellarmine University": "2001 Newburg RD, Louisville, KY 40205", "Berea College": "Knapp Hall 104B, CPO 2195, Berea, KY  40404", "Berry College": "2377 Martha Berry Highway NW, Mount Berry, GA  30149", "Billings Senior High School": "425 Grand Ave, Billings, MT 59101", "Birmingham-Southern College": "900 Arkadelphia Road, Birmingham, AL  35254", "Bloomboard, Inc.": "135 University Avenue, Suite 200\r\nPalto Alto, CA 94301", "Bowling Green Independent Schools": "1211 Center Street, Bowling Green, KY  42101", "Bowling Green State University": "101 Education Bldg., BGSU, Bowling Green, OH  43403", "Bradley University": "1501 W Bradley Ave, Peoria, IL 61625", "Brandeis University": "415 South St, Waltham, MA 02453", "Brenau University": "500 Washington St SE, Gainesville, GA 30501", "Bridgewater College": "402 E. College St., Bridgewater, VA  22812", "Brigham Young University \u2013 Hawaii": "220 Kulanui St, Laie, HI 96762", "Brock University": "1812 Sir Isaac Brock Way, St. Catharines, Ontario, Canada L2S3A1", "Brown University": "10 Prospect St., Box A, Providence, RI  02912", "Bureau Of Indian Affairs": "1849 C Street, N.W Washington, D.C. 20240", "Ca State University Chico": "400 W 1st St, Chico, CA 95929", "Ca State University Dominguez Hills": "1000 E Victoria St, Carson, CA 90747", "Ca State University, Stanislaus": "1 University Circle, Suite DBH 301, Turlock, CA  95382", "California State Polytechnic University Pomona-Education/Ceis": "3801 W. Temple Ave., Bldg. 6 Room 220, Pomona, CA 91768", "California State University": "444 North Capitol St NW # 207, Washington, DC 20001", "California State University Long Beach": "1250 Bellflower Blvd, Long Beach, CA 90840", "California State University Northridge": "18111 Nordhoff St, Northridge, CA 91330", "California State University, Fullerton": "800 N State College Blvd, Fullerton, CA 92831", "California University Of Pennsylvania": "250 University Ave, California, PA 15419", "Calvert County Public Schools": "1305 Dares Beach Rd, Prince Frederick, MD 20678", "Campbell University": "143 Main St, Buies Creek, NC 27506", "Capital University": "E Main St & College Ave, Bexley, OH 43209", "Catawba College": "2300 W Innes St, Salisbury, NC 28144", "Central Connecticut State University": "1615 Stanley St, New Britain, CT 06050", "Central Washington University": "400 E University Way, Ellensburg, WA 98926", "Central Wyoming College": "2660 Peck Ave, Riverton, WY  82520", "Cerra": "525 Eden Terrace, Rock Hill, SC 29730", "Chapman University": "1 University Dr, Orange, CA 92866", "Charleston Southern University": "9200 University Blvd, North Charleston, SC 29406", "Chicago State University": "9501 S. King Dr., Chicago, IL  60628                   ", "Christina School District": "50 Gender Road, Newark, DE 19713", "City University Of New York": "205 E. 42nd Street, 9th FL., New York, NY  10017", "Clarion University Of Pennsylvania": "840 Wood St, Clarion, PA 16214", "Clark County Education Association": "4230 McLeod Dr, Las Vegas, NV 89121", "Clayton State University": "2000 Clayton State Blvd, Morrow, GA 30260", "Clemson University": "105 Sikes Hall, Clemson, SC 29634", "Cleveland County Schools": "115 Bethware Drive Kings Mountain, NC 28086", "Coastal Carolina University": "100 Chanticleer Dr E, Conway, SC 29528", "Colgate University": "13 Oak Dr, Hamilton, NY 13346", "College For Creative Studies": "201 E Kirby St, Detroit, MI 48202", "College Of Coastal Georgia": "1 College Dr, Brunswick, GA 31520", "College Of Mount Saint Vincent": "6301 Riverdale Ave, The Bronx, NY 10471", "College Of William And Mary": "200 Stadium Dr, Williamsburg, VA 23185", "Colorado Education Association": "1500 Grant Street Denver, Colorado 80203", "Colorado State University Pueblo": "2200 Bonforte Blvd, Pueblo, CO 81001", "Columbia College": "11071 McKibbin Drive, Jamestown, CA  95327", "Columbus State University": "4225 University Ave, Columbus, GA 31907", "Concord University": "1000 Vermillion St, Athens, WV 24712", "Concordia University Chicago": "7400 Augusta St, River Forest, IL 60305", "Concordia University Irvine": "1530 Concordia, Irvine, CA 92612", "Creighton University": " 2500 California Plaza, Omaha, NE 68178", "Crowder College": "601 Laclede Ave, Neosho, MO 64850", "Crowley\u2019S Ridge College": "100 College Dr, Paragould, AR 72450", "Csu San Bernardino": "5500 University Pkwy, San Bernardino, CA 92407", "Ctu Foundation, Inc": "1901 W. Carroll Ave Chicago, IL 60612-2401", "Cumberland University": "1 Cumberland Square, Lebanon, TN 37087", "Delta State University": "1003 W Sunflower Rd, Cleveland, MS 38733", "Department Of Defense Education Activity-Teaching And Learning Division": "4800 Mark Center Drive, Alexandria, VA  22350-1400", "Dickinson State University": "294 Campus Drive, Dickinson, ND 58601", "Duke University": "Durham, NC 27708", "Durham Public Schools": "511 Cleveland Street Durham, NC 27701-3334", "East Carolina University": "101 Heart Dr, Greenville, NC 27834", "East Stroudsburg University & Colonial Iu": "6 Dansford Drive Colonial IU 20 Easton, PA 18045", "East Tennessee State University": "Box 70684, Johnson City, TN 37614", "Eastern Michigan University": "900 Oakwood St, Ypsilanti, MI 48197", "El Rancho Unified School District": "9333 Loch Lomond Drive, Pico Rivera CA 90660", "Emporia State University": "1 Kellogg Cir, Emporia, KS 66801", "Farleigh Dickinson University": "1000 River Rd, Teaneck, NJ 07666", "Faulkner University": "5345 Atlanta Hwy, Montgomery, AL 36109", "Fayetteville State University": "1200 Murchison Rd, Fayetteville, NC 28301", "Felician University": "One Felician Way, Rutherford, NJ 07070", "Ferris State University": "1201 S State St, Big Rapids, MI 49307", "Florida Southwestern State College": "8099 College Pkwy, Fort Myers, FL 33919", "Florida State University": "600 W College Ave, Tallahassee, FL 32306", "Floyd County Schools": "600 Riverside Parkway NE, Rome, GA 30161", "Fort Mill School District": "2233 Deerfield Dr, Fort Mill, SC 29715", "Four Corners Coalition": "367 Washington St, Dorchester Center, MA 02124", "Francis Marion University": "4822 E Palmetto St, Florence, SC 29506", "George Mason University": "4400 University Dr, Fairfax, VA 22030", "Georgia College And State University": "231 W Hancock St, Milledgeville, GA 31061", "Georgia Gwinnett College": "1000 University Center Ln, Lawrenceville, GA 30043", "Georgia Southern University": "1332 Southern Dr, Statesboro, GA 30458", "Georgia Southwestern State University": "800 Georgia Southwestern State University Drive, Americus, GA 31709", "Gettysburg College": "300 N Washington St, Gettysburg, PA 17325", "Governors State University": "1 University Pkwy, University Park, IL 60484", "Greenville College": "315 E College Ave, Greenville, IL 62246", "Hanover College": " 359 E Lagrange Rd, Hanover, IN 47243", "Harding University, College Of Education": "915 E Market Ave, Searcy, AR 72149", "Hawaii State Teachers Association": "1200 Ala Kapuna St, Honolulu, HI 96819", "Heritage University": "3240 Fort Road, Toppenish, WA  98948-9562", "Hobart And William Smith Colleges": "300 Pulteney St, Geneva, NY 14456", "Homewood City Schools": "450 Dale Avenue, Homewood, AL 35209", "Hope International University": "2500 Nutwood Ave, Fullerton, CA 92831", "Houghton College": "One Willard Ave, Houghton, NY 14744", "Hudson Valley Community College": "80 Vandenburgh Ave, Troy, NY 12180", "Humboldt State University": "1 Harpst St, Arcata, CA 95521", "Husson University": "1 College Cir, Bangor, ME 04401", "Illinois College": "1101 W College Ave, Jacksonville, IL 62650", "Illinois State University Board Of Trustees": "2020 Illinois State University, Normal, IL USA", "Indiana University Libraries": NaN, "Ithaca College": "953 Danby Rd., Ithaca, NY 14850", "James Madison University College Of Education": "395 S High Street, Harrisburg, VA  22801", "John Carroll University": "1 John Carroll Boulevard, University Heights, OH  44118", "John Hopkins University": "5801 Smith Avenue, McAuley Bldg., Ste. 310, Baltimore, MD 21209", "John P. Ellbogen Foundation": "P.O. Box 1670, Laramie, KY 82073", "Kansas State University": "261 Bluemont Hall, Manhattan, KS 66506", "Kennesaw State University": "1000 Chastain Rd NW, Kennesaw, GA 30144", "Kentucky Community & Technical College": "300 North Main Street, Versailles, KY  40383", "Kentucky Epsb": "300 Sower Blvd, Frankfort, KY 40601", "Kutztown University Of Pennsylvania": "PO Box 730, Kutztown, PA  19530", "Kydoe-Educator Recruitment And Development": "300 Sower Blvd, Frankfort, KY  40601", "Lagrange College": "601 Broad Street, LaGrange, GA  30240", "Lake Havasu Usd": "2200 Havasupai Blvd, Lake Havasu City, AZ 86403", "Lamar Cisd": "3911 AVE I, ROSENBERG, 77471-3901", "Lebanon Valley College": "101 N. College Avenue, Annville, PA  17003", "Lee University School Of Music": "1120 N Ocoee St Cleveland, TN 37311", "Lehigh Carbon Community College": "4525 Education Park Dr, Schnecksville, PA 18078", "Lewis University": "1 University Parkway, Romeoville, IL 60446-2200", "Lorain County Community College": "1005 N. Abbe Rd, Elyria, OH  44035", "Louisiana Board Of Regents": "1201 N 3rd St #6, Baton Rouge, LA 70802", "Louisiana State University Baton Rouge": "223 Peabody Hall, LSU, Baton Rouge, LA  70803", "Louisiana State University Of Alexandria": "8100 US-71, Alexandria, LA 71302", "Louisiana State University Shreveport": "One University Pl, Shreveport, LA 71115", "Louisiana Tech University": "201 Mayfield Ave, Ruston, LA 71270", "Lyndonville Central School District": "25 Housel Ave, Lyndonville, NY 14098", "Manhattanville College": "2900 Purchase Street, Purchase, NY 10577", "Maricopa Cc District Rio Salado College": "2323 W 14th St, Tempe, AZ 85281", "Marietta College": "215 5th Street, Marietta, OH  45750", "Maryville College": "502 E. Lamar Alexander Parkway, Maryville, TN 37804-5907", "Mclean County Unit District No.": "1809 West Hovey Avenue, Normal, IL 61761", "Medaille College": "18 Agassiz Circle, Buffalo, NY  14214", "Mercer University": "1501 Mercer University Dr., Macon, GA 31207", "Meredith College": "3800 Hillsborough Street, Raleigh, NC  27607", "Metro Resa": "1870 Teasley Drive, Smyrna, GA  30080", "Miami University": "210 East Spring Street, Oxford, MI 45056", "Miami University-Oxford": "501 E High St, Oxford, OH 45056", "Middle Tennessee State University": "Box 14,1301 E. Main Street, Murfreesboro, TN 37129", "Middlesex County College": "History & Social Sciences Dept., Raritan Hall, Edison, NJ 08818                 ", "Midland University": "900 N Clarkson St. Fremont, NE 68025", "Millersville University Of Pennsylvania": "P.O. Box 1002, Millersville, PA  17551-0302", "Milligan College": "101 Neth Dr, Milligan College, TN 37682", "Minnesota State University Moorhead": "1104 7th Ave. S. Moorhead, MN  56563", "Mississippi Dept Of Education": "359 N West St, Jackson, MS 39201", "Mississippi State University": "75 B. S. Hood Road, Mississippi State, MS 39762", "Mississippi State University Meridian": "1000 Highway 19 North, Meridian, MS  39307", "Modesto Junior College": "435 College Ave, Modesto, CA 95350", "Monroe County School District": "25 Brooklyn Avenue Forsyth, GA 31029", "Montclair State University": "1 Normal Ave., Montclair, NJ 07043", "Morehead State University": "150 University Blvd, Morehead, KY 40351", "Morgan State University": "1700 E Cold Spring Ln, Baltimore, MD 21251", "Murray State University": "3101 C Alexander Hall, Murray, KY 42071", "Murrieta Valley Usd": "41870 Mcalby Ct, Murrieta, CA 92562", "National Louis University": "1905 South 1st Street, Louisville, KY  40292", "Nc A&T State University": "386 Proctor Hall, 1601 East Market St, Greensboro, NC 27411", "Nc New Teacher Support Program": "1038 W.H. Smith Blvd, Suite 102 Greenville, NC  27834", "Nea Vermont": "10 Wheelock St, Montpelier, VT 05602", "New York University": "New York, NY 10003", "New York University-Steinhardt": "70 Washington Square South, NY, NY  10003", "Nhti-Concord\u2019S Community College": "31 College Drive, Concord, NH  03301", "Niagara University": "ACAD 225, Niagara University, NY  14109", "Nm Nt Santa Fe Public School": "610 Alta Vista St, Santa Fe, NM 87505", "North Carolina Central University": "700 Cecil St., Durham, NC 27707", "North Carolina State University": "Raleigh, NC 27695", "North Central College": "30 N Brainard St, Naperville, IL 60540", "Northampton County Public Schools": "7207 Young Street, Machipongo, VA  23405", "Northeastern Illinois University": "5500 N St., Louis Ave., Chicago, IL  60625", "Northern Arizona University": "PO Box 5697, Flagstaff, AZ  86011", "Northern Illinois University": "Lowden Hall 204, DeKalb, IL  60115", "Northern Virginia Community College": "10950 Campus Drive, Manassas, VA  20109-2399", "Northwestern Michigan College": "1701 East Front Street, Traverse City, MI  49686", "Northwestern State University": "350 Sam Sibley Road, Natchitoches, LA 71497", "Orange County Doe": "200 Kalmus Dr, Costa Mesa, CA 92626", "Oregon State University": "121 The Valley Library, Corvallis, OR 97331", "Ouachita Baptist University": "410 Ouachita Street, Box 3789, Arkadelphia, AR  71998", "Pathway To Practice Nc": "2310 Stinson Dr, Raleigh, NC  27607", "Piedmont College": "1021 Central Ave, Demorest, GA 30535", "Pierce College": "6201 Winnetka Ave, Woodland Hills, CA 91371", "Pinecrest Academy Of Nevada": "225 Cadence Drive, Henderson, NV 89015", "Portland State University": "1900 SW Fourth Avenue, Portland, OR  97201", "Presbyterian College Education Department": "503 South Broad Street, Clinton, SC  29325", "Prince George\u2019S Community College": "301 Largo Road, Largo, MD  20774", "Providence College": "One Cunningham Square, Providence, RI  02918", "Pur University": "504 W. State Street, West Lafayette, IN 47907", "Pur University Fort Wayne": "2101 E. Coliseum Blvd., Fort Wayne, IN  46805", "Radford University": "801 E Main St, Radford, VA 24141", "Ramapo College": "505 Ramapo Valley Road, Mahwah, NJ  07430", "Region  Education Service Ctr": "7145 West Tidwell Rd, Houston TX 77092-2096", "Reinhardt University": "7300 Reinhardt Circle, Waleska, GA  30183", "Rhodes College": "200 North Parkway, Memphis, TN  38112", "Richland Elementary School": "200 Spell Drive, Richland, MS  39232", "Rider University": "2083 Lawrenceville Road, Lawrence, NJ  08648", "Rio Salado College": "2323 W. 14th Street, Tempe, AZ  85281", "Ripon College": "PO Box 248, Ripon, WI  54971", "Rochester Institute Of Technology": "55 Lomb Memorial Drive, Rochester, NY 14623", "Roosevelt University": "430 South Michigan Ave., Rm. 1751, Chicago, IL  60605", "Rowan College South Jersey": "1400 Tanyard Rd, Sewell, NJ 08080", "Rowan University": "201 Mullica Hill Rd, Glassboro, NJ 08028", "Rutgers University Graduate School Of Education": "10 Seminary Place, New Brunswick, NJ  08901", "Saint Andrew'S School": "3900 Jog Road, Boca Raton, FL 33434", "Saint Catherine University": "2004 Randolph Ave, #4040, St. Paul, MN  55105", "Saint Joseph\u2019S College Of Maine": "278 White Bridge Road, Standish, ME  04084", "Saint Joseph\u2019S University": "5600 City Line Avenue, Philadelphia, PA 19131", "Saint Xavier University": "3700 W. 103rd St, Chicago, IL  60655", "Salem University": "223 West Main Street, Salem, WV 26426", "Salisbury University": "1101 Camden Avenue, Salisbury, MD 21801                   ", "Salve Regina University": "100 Ochre Pt. Avenue, Newport, RI  02840", "Sam Houston State University": "1908 Bobby K. Marks Dr., Huntsville, TX  77341", "San Jose State University": "1 Washington Square, San Jose, CA 95192", "Santa Rosa County District Schools": "6032 Highway 90, Milton, Fl  32570", "Seattle University": "901 12th Avenue, Seattle, WA  98122", "Seton Hall University": "400 South Orange Avenue, South Orange, NJ  07079", "Shippensburg University": "1871 Old Main Drive Shippensburg, PA  17257", "Shorter University": "315 Shorter Ave, Rome, GA 30165", "Siena College": "515 Loudon Road, Loudonville, NY 12211", "Skidmore College": "815 North Broadway, Saratoga Springs, NY  12866", "South Australia Doe": "31 Flinders Street, Adelaide SA 5000", "South College": "3904 Lonas Drive, Knoxville, TN  37909", "Southeast Kctcs": "164 Ball Park Road, Harlan, KY  40831", "Southeast Missouri State University": "1 University Plaza MS 5675, Cape Girardeau, MO  63701", "Southeast South-Central Education Cooperative": "P.O. Box 1777, 300 Bellevue Drive, Richmond, KY  40476-1777", "Southern Adventist University": "P.O. Box 370, Collegedale, TN  37315", "Southern Connecticut State University": "501 Crescent St, New Haven, CT 06515", "Southern Illinois University Carbondale": "625 Wham Drive, Carbondale, IL 62901", "Southern Illinois University Edwardsville": "1 Hairpin Dr, Edwardsville, IL 62026", "Southern New Hampshire University": "2500 N River Rd, Manchester, NH 03106", "Southern University At New Orleans": "6400 Press Dr, New Orleans, LA 70126", "Spelman College": "350 Spelman Ln SW, Atlanta, GA 30314", "Springfield College": "263 Alden St., Springfield, MA  01109", "St. Bonaventure University-School Of Education": "3261 W State St, St Bonaventure, NY 14778", "St. Louis Community College": "32221 McKelvey Road, Bridgeton MO  60344", "St. Mary'S College Of Maryland": "47645 College Dr, St Marys City, MD 20686", "St. Thomas Aquinas College": "125 NY-340, Sparkill, NY 10976", "Stanford University/Scale": "485 Lasuen Mall, Rm. 306, Stanford, CA 94305", "State Fair Community College": "3201 W. 16th Street, Sedalia, MO  65301", "State University Of Ny Potsdam": "44 Pierrepont Ave, Potsdam, NY 13676", "Suny College At Brockport": "350 New Campus Dr., Brockport, NY 14420", "Suny College Of Oneonta": "108 Ravine Parkway, Oneonta, NY 13820", "Suny Erie Community College": "121 Ellicott Street, Buffalo, NY 14203", "Suny Plattsburgh": "101 Broad St, Plattsburgh, NY 12901", "Swarthmore College": "500 College Ave, Swarthmore, PA  19081", "Syracuse University": "800 University Avenue, Syracuse, NY  13210", "Tacoma Public Schools": "PO Box 1357, Tacoma, WA 98401", "Taos Municipal School District": "310 Camino De La Placita Taos, NM 87571", "Teach For America Kansas City": "2000 Baltimore Ave Ste 300, Kansas City, MO 64108", "Teachers College, Columbia University": "525 W. 120th Street, New York, NY  10027", "Temple University, Tyler School Of Art And Architecture": "210 Front Desk, Philadelphia, PA  19122", "Tennessee Wesleyan University": "204 E College Street, Athens, TN  37303", "Texas A&M University": "College Station, TX 77843", "The Citadel Zucker Family School Of Education": "2 Lee Ave., Charleston, SC  29409", "The College Of Wooster": "930 College Mall, Wooster, OH  44691", "The State University Of New York (Suny)": "State University Plaza-Albany, NY 12246", "The Support Network": "3303 Wilshire Blvd, 10th Floor, Los Angeles, CA  90010", "The University Of New Orleans": "3480 Bicentennial Education Building, New Orleans, LA  70148", "The University Of Southern Mississippi": "118 College Dr, Hattiesburg, MS 39406", "The University Of Tennessee, Knoxville": "337 Claxton Complex, Knoxville, TN 37996", "The University Of Texas At Tyler": "3900 University Blvd, Tyler, TX  75799", "Thiel College": "75 College Avenue, Greenville, PA  16125", "Thomas College": "180 W. River Road, Waterville, ME  04901", "Troy University": "327 HAWKINS HALL  TROY, AL 36082", "Tuscaloosa City Schools": "1210 21st Avenue, Tuscaloosa, AL 35401", "Uab Regional In Service Centers": "901 13th St S, Birmingham, AL 35294", "Unc Wilmington": "601 S College Rd, Wilmington, NC 28403", "Union University": "1155 Union Circle #305100, Denton, TX 76203", "University Of Alabama": "1720 2nd Avenue S. EB 229, Birmingham, AL  35294-1250", "University Of Arkansas": "114 Peabody Hall, Fayetteville, AR 72701", "University Of California Berkeley": "2121 Berkeley Way West, Berkeley, CA  94720", "University Of California, Davis": "1 Shield Ave, Davis, CA 95618                 ", "University Of California, Riverside": "1315 Pierce Hall, Riverside, CA  92521", "University Of Central Arkansas": "201 Donaghey Avenue, Conway, AR  72035", "University Of Central Oklahoma": "100 N. University Dr., Edmond, OK  73034", "University Of Detroit Mercy Lib": "4001 W McNichols Rd, Detroit, MI 48221", "University Of Georgia": "Athens, GA 30602", "University Of Guam": "205A Luna Ave., Agana Heights, GU 96910", "University Of Hawaii At Manoa": "1776 University Avenue, Everly 121, Honolulu, HI  96822", "University Of Holy Cross (La)": "4123 Woodland Drive, New Orleans, LA 70131", "University Of Illinois At Urbana-Champaign": "1310 Sixth Street, Champaign, IL  61820", "University Of Illinois Springfield": "One University Plaza, Springfield IL  62703", "University Of Kentucky": "129 Taylor Education Bldg, Lexington, KY 40506", "University Of La Verne": "1950 3rd St., La Verne, CA  91750", "University Of Louisiana At Lafayette": "P.O. Box 43519, Lafayette, LA  70507", "University Of Louisiana At Monroe": "700 University Avenue, Monroe, LA 72109           ", "University Of Louisville": "1905 South 1st Street, Louisville, KY 40292", "University Of Lynchburg": "1501 Lakeside Drive, Lynchburg, VA  24501", "University Of Maryland Baltimore County": "Baltimore, MD 21250                  ", "University Of Maryland College Of Education": "3942 Campus Dr, College Park, MD 20742", "University Of Michigan-Dearborn": "4901 Evergreen-FCS 2nd Floor, Dearborn, MI 48128", "University Of Minnesota Duluth": "1208 Ordean CT., Bohannon Hall, Duluth, MN  55812", "University Of Mississippi": "850 Insight Park Avenue, University ,MS 38677", "University Of Missouri Kansas City": "5000 Holmes St, Kansas City, MO 64110", "University Of Montevallo": "Montevallo, AL 35118                  ", "University Of Nc Charlotte": "9201 University City Blvd, Charlotte, NC 28223", "University Of Nc Greensboro": "1400 Spring Garden St, Greensboro, NC 27412", "University Of New Mexico": "1 University of New Mexico, Albuquerque, NM  87131", "University Of North Alabama": "Box 5046, Florence, AL  35632", "University Of North Carolina": "412G Poe Hall, Box 7801, Raleigh, NC 27695", "University Of North Carolina Chapel Hill": "3500 Peabody Hall, Chapel Hill, NC 27599", "University Of North Carolina Charlotte": "9201 University City Blvd., Charlotte, NC 28223", "University Of North Colorado": "501 20th Street, Campus Box 39, Greeley, CO  80639", "University Of North Dakota": "231 Centennial Drive, Grand Forks, ND  58202-7189", "University Of North Florida": "1 UNF Drive, Jacksonville, FL  32224", "University Of North Georgia": "Aderhold Hall, Athens, GA 30602", "University Of Pacific": "3601 Pacific Avenue, Stockton, CA 95211", "University Of Phoenix Inc.": "4035 S Riverpoint Pkwy, Phoenix, AZ 85040", "University Of Rhode Island (School Of Education)": "45 Upper College Rd, Kingston, RI 02881", "University Of Richmond": "421 Westhampton Way, Richmond, VA 23173", "University Of Rochester-Warner School": "500 Wilson Blvd., Box 270425, Rochester, NY 14627", "University Of San Francisco": "2130 Fulton St., San Francisco, CA  94117", "University Of South Alabama": "307 University North, Mobile, AL 36688", "University Of South Carolina, Beaufort": "1 University Blvd, Bluffton, SC  29909", "University Of St. Francis": "500 Wilcox St., Joliet, IL 60435", "University Of St. Thomas": "2115 Summit Avenue, St. Paul, MN  55105-1096", "University Of Tennessee At Martin": "205 Gooch Hall, Martin, TN 38238", "University Of Texas At San Antonio": "One UTSA Circle, San Antonio, TX  78249", "University Of The Arts": "320 S Broad St, Philadelphia, PA 19102", "University Of The Cumberland": "6178 College Station Drive, Williamsburg, KY 40769", "University Of The Pacific": "3001 Pacific Avenue, Stockton, CA  95211", "University Of Virginia": "1001 N EMMET ST  Charlottesville, VA 22904-4202 ", "University Of West Alabama": "College of Education, Station 60, Livingston, AL  35470", "University Of West Georgia": "1601 Maple Street, Carrollton, GA  30118", "University Of Wisconsin Stevens Point": "1901 4th Ave, Stevens Point, WI 54481", "University Of Wisconsin-Eau Claire": "Eau Claire, WI 54702", "University Of Wisconsin-Madison": "1000 Bascom Mall, L139F Madison, WI  53706", "University Of Wisconsin-River Falls": "410 S. 3rd Street, River Falls, WI  54022", "University Of Wyoming, College Of Education": "1000 E University Avenue, Laramie, WY 8207", "Utah Valley University": "800 West University Parkway, Orem, UT 84088", "Utica College": "1600 Burrstone Rd., Utica, NY  13502", "Valdosta State University": "1500 N. Patterson St., Valdosta, GA  31698", "Virginia Commonwealth University": "907 Floyd Ave, Richmond, VA 23284", "Vitero University": "900 Viterbo Drive, La Crosse, WI  54601", "Walla Walla Public Schools": "364 S Park Street, Walla Walla,WA 99362", "Washington County Schools": "10435 Downsville Pike Hagerstown, MD 21740", "Washington State University": "PO Box 642132, Pullman, WA  99614-2132", "West Liberty University": "208 University Dr. CUB 147, West Liberty, WV  26074", "Western Carolina University": "1 University Dr, Cullowhee, NC  28779", "Western Governors University": "4001 S 700 E #300, Salt Lake City, UT 84107", "Western Illinois University": "1 University Cir, Macomb, IL 61455", "Western Washington University": "516 High St, Bellingham, WA 98225", "Westfield State University": "577 Western Ave, Westfield, MA 01086", "Wheaton College": "501 College Ave, Wheaton, IL 60187", "William Baptist University": "56 Mc Clellan Dr, Walnut Ridge, AR 72476", "William Paterson University": "300 Pompton Rd, Wayne, NJ 07470", "Wingate University": "220 N Camden Rd, Wingate, NC 28174", "Winston-Salem State University": "601 S Martin Luther King Jr Dr, Winston-Salem, NC 27110", "Winthrop University": "701 Oakland Ave, Rock Hill, SC 29730", "Yakima Valley College": "PO Box 22520, Yakima, WA  99807-2520", "Young Harris College/Miller Library": "1 College Street Young Harris, GA 30582"}